pdb,chain,resname,resid,mutation,ddg,uniprot_acc,category,label,uniprot_resid
1A73,A,L,116,A,5.02,Q94702,test,H,116
1BPX,A,Y,271,A,-1.998330065,P06746,test,NH,271
1BPX,A,R,283,A,0.235095249,P06746,test,NH,283
1BPX,A,E,295,A,0.982703878,P06746,test,NH,295
1CMA,A,N,53,K,0.54,P0A8U6,test,NH,54
1GXP,A,E,159,A,-0.56,P0AFJ5,test,NH,159
1GXP,A,R,200,A,0.31,P0AFJ5,test,NH,200
1N6Q,A,M,184,V,0.8,P03366,test,NH,783
1PNR,A,K,55,A,3.44,P0ACP7,test,H,55
1TN9,A,R,5,A,0.75,P22886,test,NH,5
1TN9,A,T,15,A,0.04,P22886,test,NH,15
1TN9,A,S,18,A,-0.2,P22886,test,NH,18
1TN9,A,R,20,A,0.43,P22886,test,NH,20
1TN9,A,K,21,A,0.7,P22886,test,NH,21
1TN9,A,R,24,A,1.22,P22886,test,NH,24
1TN9,A,L,26,A,-0.2,P22886,test,NH,26
1TN9,A,K,28,A,1.36,P22886,test,NH,28
1TN9,A,F,38,A,-0.3,P22886,test,NH,38
1TN9,A,Y,40,A,1.51,P22886,test,NH,40
1TN9,A,W,42,A,0.44,P22886,test,NH,42
1TN9,A,K,54,A,1.33,P22886,test,NH,54
1TN9,A,R,55,A,1.17,P22886,test,NH,55
2G1P,A,Y,184,A,-0.17,P0AEE8,test,NH,184
2G1P,A,R,137,A,-0.57,P0AEE8,test,NH,137
2G1P,A,K,139,A,0.1,P0AEE8,test,NH,139
2G1P,A,R,116,A,-0.27,P0AEE8,test,NH,116
2G1P,A,N,132,A,0.19,P0AEE8,test,NH,132
2G1P,A,R,95,A,-0.18,P0AEE8,test,NH,95
2G1P,A,N,126,A,-0.51,P0AEE8,test,NH,126
2UZK,A,K,245,A,0.32,O43524,test,NH,245
2VWJ,A,Y,7,A,-0.69,P56689,test,NH,7
2VWJ,A,V,93,Q,-1.66,P56689,test,NH,93
2VWJ,A,R,97,A,-0.75,P56689,test,NH,97
3IMB,A,H,77,A,-0.41,Q8RNV8,test,NH,77
3IMB,A,H,219,N,-0.13,Q8RNV8,test,NH,219
3NCI,A,L,561,A,-0.090603341,Q38087,test,NH,561
3NCI,A,Y,567,A,-0.74025334,Q38087,test,NH,567
3OOL,A,K,86,R,0.41,P03882,test,NH,86
3QFQ,A,K,331,A,1.08,E2IPT4,test,NH,253
3SM4,A,K,49,A,1.22,P03697,test,NH,49
3SM4,A,K,76,A,0.3,P03697,test,NH,76
3SM4,A,M,53,A,0.36,P03697,test,NH,53
3SM4,A,R,137,A,1.02,P03697,test,NH,137
3UPU,A,F,98,A,1.02,P32270,test,NH,98
3UPU,A,P,89,A,0.45,P32270,test,NH,89
4CH1,A,K,36,M,3.17,H2L051,test,H,36
4CH1,A,Y,44,A,1.62,H2L051,test,NH,44
4CH1,A,E,63,K,1.34,H2L051,test,NH,63
4CH1,A,Y,78,F,0.25,H2L051,test,NH,78
4CH1,A,R,103,M,1.45,H2L051,test,NH,103
4CH1,A,N,106,A,0.92,H2L051,test,NH,106
4CH1,A,N,108,A,0.46,H2L051,test,NH,108
4CH1,A,A,110,T,1.97,H2L051,test,NH,110
4CH1,A,G,113,E,1.62,H2L051,test,NH,113
4HQB,A,W,66,A,1.568611241,Q9RY80,test,NH,66
4L5S,A,K,48,E,0.34,Q9R002,test,NH,48
4L5S,A,K,53,E,0.85,Q9R002,test,NH,53
4L5S,A,R,224,E,1.33,Q9R002,test,NH,224
4L5S,A,N,236,A,-0.14,Q9R002,test,NH,236
4LJR,A,R,52,E,0.36,O25100,test,NH,52
4LJR,A,Y,108,E,3.41,O25100,test,H,108
4LJR,A,F,140,E,3.22,O25100,test,H,140
4LJR,A,R,143,E,1.71,O25100,test,NH,143
4TMU,A,S,97,A,-0.217853807,A7MQK9,test,NH,97
4TMU,A,E,124,A,0.0,A7MQK9,test,NH,124
4TMU,A,R,125,A,0.08477825,A7MQK9,test,NH,125
4TMU,A,R,246,A,2.162193282,A7MQK9,test,H,246
4TMU,A,R,275,A,-0.047420271,A7MQK9,test,NH,275
4TMU,A,T,293,A,0.68048672,A7MQK9,test,NH,293
4TMU,A,R,315,A,0.410646113,A7MQK9,test,NH,315
4TMU,A,W,347,A,0.28411689,A7MQK9,test,NH,347
4TMU,A,R,446,A,-0.047420271,A7MQK9,test,NH,446
4Y5W,A,H,415,N,1.96,P42226,test,NH,415
4Y5W,A,K,374,E,1.08,P42226,test,NH,374
5AWH,A,K,506,A,4.163114312,A4WYU7,test,H,506
5FD3,A,Y,536,A,5.0,Q6MZP7,test,H,536
5FD3,A,Y,610,A,5.0,Q6MZP7,test,H,610
5HRI,A,R,125,A,0.79,P42494,test,NH,125
5HRI,A,R,168,A,1.34,P42494,test,NH,168
5TWP,A,H,329,A,0.386944887,Q9NP87,test,NH,329
5TWP,A,W,434,A,0.525941916,Q9NP87,test,NH,434
1AAY,A,R,118,A,2.7,P08046,training,H,349
1AAY,A,D,120,A,-0.3,P08046,training,NH,351
1AAY,A,E,121,A,0.2,P08046,training,NH,352
1AAY,A,R,124,A,3.54,P08046,training,H,355
1AIS,A,E,12,A,-1.0,P62001,training,NH,12
1AIS,A,Q,103,A,-0.88,P62001,training,NH,103
1AZ0,A,D,90,A,-2.89,P04390,training,NH,90
1AZ0,A,K,38,A,0.7,P04390,training,NH,38
1B3T,A,R,469,A,3.41,P03211,training,H,469
1B3T,A,Y,518,A,2.62,P03211,training,H,518
1B3T,A,R,522,A,4.4,P03211,training,H,522
1BF5,A,N,460,H,1.26,P42224,training,NH,460
1BHM,A,E,111,A,-3.3,P23940,training,NH,111
1CKQ,A,A,138,T,-1.5,P00642,training,NH,138
1CKQ,A,H,114,Y,-1.7,P00642,training,NH,114
1ECR,A,K,89,A,0.23,P16525,training,NH,89
1ECR,A,Q,250,A,0.045,P16525,training,NH,250
1ECR,A,R,198,A,1.105,P16525,training,NH,198
1EWQ,A,E,41,A,-0.32,Q56215,training,NH,41
1FOS,E,R,143,A,0.27,P01100,training,NH,143
1FOS,E,R,144,A,0.92,P01100,training,NH,144
1FOS,E,R,146,A,0.04,P01100,training,NH,146
1FOS,E,K,148,A,0.17,P01100,training,NH,148
1FOS,E,K,153,A,0.17,P01100,training,NH,153
1FOS,E,R,155,A,1.04,P01100,training,NH,155
1FOS,E,R,158,A,0.34,P01100,training,NH,158
1FOS,F,R,270,A,0.82,P05412,training,NH,261
1FOS,F,R,272,A,0.04,P05412,training,NH,263
1G9Z,A,S,138,A,4.21,P05725,training,H,138
1G9Z,A,K,139,M,3.73,P05725,training,H,139
1J5N,A,F,48,A,0.4,P11632,training,NH,48
1J5N,A,K,22,A,0.7,P11632,training,NH,22
1J5N,A,K,53,A,0.5,P11632,training,NH,53
1J5N,A,K,60,A,0.4,P11632,training,NH,60
1J5N,A,K,78,A,0.4,P11632,training,NH,78
1J5N,A,K,85,A,0.2,P11632,training,NH,85
1J5N,A,M,29,A,0.5,P11632,training,NH,29
1J5N,A,N,33,A,0.7,P11632,training,NH,33
1J5N,A,R,23,A,0.6,P11632,training,NH,23
1J5N,A,R,36,A,0.8,P11632,training,NH,36
1J5N,A,R,40,A,0.7,P11632,training,NH,40
1J5N,A,Y,28,A,0.9,P11632,training,NH,28
1J5N,A,Y,81,A,0.2,P11632,training,NH,81
1J5N,A,Y,88,A,0.4,P11632,training,NH,88
1JMC,A,E,277,A,1.4,P27694,training,NH,277
1JMC,A,F,238,A,0.2,P27694,training,NH,238
1JMC,A,K,263,A,1.0,P27694,training,NH,263
1JMC,A,R,234,A,2.1,P27694,training,H,234
1JMC,A,R,382,A,1.9,P27694,training,NH,382
1JMC,A,W,361,A,1.1,P27694,training,NH,361
1MHT,A,C,81,A,-0.1,P05102,training,NH,81
1MHT,A,R,165,A,-0.5,P05102,training,NH,165
1MHT,A,V,121,A,3.74,P05102,training,H,121
1QBJ,A,K,170,S,0.61,P55265,training,NH,170
1QRV,A,L,9,A,0.65,Q05783,training,NH,9
1QRV,A,M,13,A,1.1,Q05783,training,NH,13
1QRV,A,V,32,A,0.05,Q05783,training,NH,32
1QZG,A,D,64,A,1.46,O13988,training,NH,64
1QZG,A,F,88,A,3.96,O13988,training,H,88
1QZG,A,L,122,A,3.14,O13988,training,H,122
1QZG,A,S,123,A,0.66,O13988,training,NH,123
1QZG,A,T,62,A,1.53,O13988,training,NH,62
1RUN,A,D,138,S,2.06,P0ACJ8,training,H,139
1RUN,A,E,181,A,1.2,P0ACJ8,training,NH,182
1TRO,A,A,77,V,-1.62,P0A881,training,NH,77
1TW8,A,Q,138,F,-0.02,P17743,training,NH,138
2A0I,A,E,187,A,2.1,P14565,training,H,187
2A0I,A,H,221,A,2.82,P14565,training,H,221
2A0I,A,I,241,A,3.91,P14565,training,H,241
2A0I,A,K,220,A,0.8,P14565,training,NH,220
2A0I,A,K,265,A,1.8,P14565,training,NH,265
2A0I,A,K,88,A,5.57,P14565,training,H,88
2A0I,A,M,223,A,2.7,P14565,training,H,223
2A0I,A,Q,155,A,2.2,P14565,training,H,155
2A0I,A,R,150,A,2.92,P14565,training,H,150
2A0I,A,R,237,A,4.39,P14565,training,H,237
2A0I,A,R,242,A,1.2,P14565,training,NH,242
2A0I,A,R,254,A,3.17,P14565,training,H,254
2A0I,A,R,8,A,1.7,P14565,training,NH,8
2A0I,A,S,149,A,3.41,P14565,training,H,149
2A0I,A,S,3,A,4.15,P14565,training,H,3
2A0I,A,T,148,A,0.3,P14565,training,NH,148
2CCZ,A,K,18,A,0.44,P07013,training,NH,18
2CCZ,A,K,89,A,0.83,P07013,training,NH,89
2CCZ,A,R,13,A,0.59,P07013,training,NH,13
2CCZ,A,W,47,A,0.65,P07013,training,NH,47
2ERE,A,Y,77,A,0.28,P08638,training,NH,77
2ERE,A,K,44,H,0.66,P08638,training,NH,44
2ERE,A,Q,42,L,0.88,P08638,training,NH,42
2ERE,A,R,79,A,0.92,P08638,training,NH,79
2FQZ,A,K,182,A,-1.45,O87963,training,NH,182
2FQZ,A,E,187,A,0.41,O87963,training,NH,187
2MXF,A,R,80,A,1.25,Q9HW86,training,NH,80
2MXF,A,K,81,A,0.26,Q9HW86,training,NH,81
2MXF,A,K,97,A,0.28,Q9HW86,training,NH,97
2MXF,A,N,100,A,0.72,Q9HW86,training,NH,100
2MXF,A,K,102,A,0.25,Q9HW86,training,NH,102
2MXF,A,K,105,A,0.58,Q9HW86,training,NH,105
2MXF,A,K,108,A,1.39,Q9HW86,training,NH,108
2NTZ,A,K,287,A,1.18,Q38420,training,NH,287
2NTZ,A,R,298,A,1.29,Q38420,training,NH,298
2NTZ,A,R,306,A,1.45,Q38420,training,NH,306
2VLA,A,K,63,A,1.11,A3FMN7,training,NH,63
2VLA,A,K,17,A,1.3,A3FMN7,training,NH,17
2VLA,A,S,204,A,0.16,A3FMN7,training,NH,204
2VS7,A,D,21,A,0.867711702,P21505,training,NH,21
2VS7,A,E,117,A,-1.232108575,P21505,training,NH,117
2VYE,A,R,330,A,3.45,Q5KU75,training,H,330
2VYE,A,R,332,A,2.88,Q5KU75,training,H,332
2XRO,A,Q,51,A,0.0,Q93PU6,training,NH,51
3BS1,A,H,169,A,2.14,P0A0I7,training,H,169
3BS1,A,N,201,A,1.28,P0A0I7,training,NH,201
3BS1,A,R,233,A,2.64,P0A0I7,training,H,233
3IV5,A,N,73,A,2.94,P0A6R3,training,H,73
3IV5,A,T,75,A,0.24,P0A6R3,training,NH,75
3KDE,C,H,18,A,1.49,Q7M3K2,training,NH,18
3KDE,C,Q,42,A,1.61,Q7M3K2,training,NH,42
3KDE,C,R,65,A,1.79,Q7M3K2,training,NH,65
3KDE,C,R,67,A,1.69,Q7M3K2,training,NH,67
3KTQ,A,M,747,K,-0.18,P19821,training,NH,747
3NH0,A,E,73,A,-0.030204181,P30014,training,NH,73
3OD8,A,F,44,A,1.61438811,P09874,training,NH,44
3OD8,A,R,18,A,1.61438811,P09874,training,NH,18
3OD8,A,R,34,A,1.61438811,P09874,training,NH,34
3OD8,A,V,48,A,0.976024458,P09874,training,NH,48
3ODC,A,I,154,A,1.925774793,P09874,training,NH,154
3ODC,A,L,151,A,0.756938321,P09874,training,NH,151
3ODC,A,R,122,A,2.597579963,P09874,training,H,122
3ODC,A,R,138,A,3.267212078,P09874,training,H,138
3OSG,A,R,84,A,5.0,Q58HP3,training,H,84
3OSG,A,F,52,A,3.332347694,Q58HP3,training,H,52
3OSG,A,K,138,A,2.00300862,Q58HP3,training,H,138
3OSG,A,K,49,A,3.120438353,Q58HP3,training,H,49
3OSG,A,K,51,A,2.333915515,Q58HP3,training,H,51
3OSG,A,N,139,A,2.575713472,Q58HP3,training,H,139
3OSG,A,R,87,A,2.91638115,Q58HP3,training,H,87
3PVV,A,K,436,A,2.919401286,P9WNW3,training,H,436
3QMG,A,Q,201,A,5.0,Q9P0U4,training,H,201
3QMG,A,R,213,A,2.328232953,Q9P0U4,training,H,213
3QMG,A,Y,216,A,0.677608725,Q9P0U4,training,NH,216
3RN2,A,K,160,A,0.338062142,O14862,training,NH,160
3RN2,A,K,198,A,0.017152785,O14862,training,NH,198
3RN2,A,K,204,A,0.383456632,O14862,training,NH,204
3RN2,A,K,251,A,0.576018712,O14862,training,NH,251
3RN2,A,K,309,A,0.535193585,O14862,training,NH,309
3RN2,A,K,335,A,0.21625338,O14862,training,NH,335
3RN2,A,R,244,A,0.427308516,O14862,training,NH,244
3RN2,A,R,311,A,0.065815505,O14862,training,NH,311
3SPD,A,H,138,A,0.564013773,O74859,training,NH,138
3SPD,A,S,142,A,0.816828641,O74859,training,NH,142
3UFD,A,Y,37,A,1.41765,Q8GGH0,training,NH,37
3UFD,A,R,46,A,2.04672,Q8GGH0,training,H,46
3UFD,A,S,52,A,0.971007,Q8GGH0,training,NH,52
3WPC,A,F,108,A,2.187646572,Q2EEY0,training,H,108
3WPC,A,W,47,A,2.086527367,Q2EEY0,training,H,47
3WPC,A,W,96,A,2.468487109,Q2EEY0,training,H,96
3WTS,A,V,170,A,0.101913133,Q03347,training,NH,170
4A15,A,R,584,E,2.13,Q9HM14,training,H,566
4A15,A,W,549,S,3.62,Q9HM14,training,H,531
4ATK,A,H,209,R,0.539172,Q08874,training,NH,316
4ATK,A,I,212,M,0.253285,Q08874,training,NH,319
4B5F,A,N,207,A,-0.06643189,Q7DD47,training,NH,207
4B5F,A,R,208,A,0.236424353,Q7DD47,training,NH,208
4BNC,A,D,387,A,-0.275783,P50549,training,NH,387
4BNC,A,R,391,A,2.25183,P50549,training,H,391
4BNC,A,R,394,A,4.1047874,P50549,training,H,394
4BNC,A,Y,395,F,-0.0955848,P50549,training,NH,395
4GZN,C,E,182,A,-0.170230009,Q8C6P8,training,NH,182
4HF1,A,E,43,A,0.152565126,P0AGK8,training,NH,43
4HF1,A,Q,44,A,0.715896958,P0AGK8,training,NH,44
4HF1,A,R,59,A,1.976715914,P0AGK8,training,NH,59
4HF1,A,S,40,A,1.362507847,P0AGK8,training,NH,40
4HF1,A,Y,41,A,1.698600836,P0AGK8,training,NH,41
4HN5,A,K,442,A,1.573234153,P04150,training,NH,442
4KMF,A,K,56,T,-0.15,Q7T2M9,training,NH,56
4KMF,A,S,35,K,-0.62,Q7T2M9,training,NH,35
4LLN,A,H,14,A,1.38,Q5Y812,training,NH,14
4LLN,A,T,63,A,-0.55,Q5Y812,training,NH,63
4M9E,A,E,446,A,-1.35040394,Q60793,training,NH,446
4MHG,A,H,396,Y,0.1,P97360,training,NH,396
4QJU,A,K,59,A,0.873374483,Q99U17,training,NH,59
4QJU,A,R,55,A,1.718117506,Q99U17,training,NH,55
4QJU,A,R,58,A,0.076501302,Q99U17,training,NH,58
4QTJ,A,I,77,A,-0.019027588,Q5AP80,training,NH,77
4QTJ,A,L,82,A,1.113035894,Q5AP80,training,NH,82
4QTJ,A,R,38,A,1.113035894,Q5AP80,training,NH,38
4QTJ,A,R,65,A,1.113035894,Q5AP80,training,NH,65
4QTJ,A,R,76,A,1.113035894,Q5AP80,training,NH,76
4QTJ,A,S,75,A,1.113035894,Q5AP80,training,NH,75
4QTJ,A,T,208,A,0.257785431,Q5AP80,training,NH,208
4QTJ,A,T,210,A,0.553931715,Q5AP80,training,NH,210
4R56,A,K,31,A,0.931879703,Q97ZE3,training,NH,31
4R56,A,K,34,A,0.335314669,Q97ZE3,training,NH,34
4R56,A,P,30,A,0.747214618,Q97ZE3,training,NH,30
4R56,A,R,33,A,0.171537799,Q97ZE3,training,NH,33
4RDU,A,Q,186,H,1.44285,P56178,training,NH,186
4RKG,A,R,526,A,0.824503276,P50534,training,NH,526
4RKG,A,R,543,A,5.0,P50534,training,H,543
4S04,A,N,188,A,0.79,A0A0R4I965,training,NH,188
4S04,A,N,196,A,0.41,A0A0R4I965,training,NH,196
4S04,A,R,210,A,1.6,A0A0R4I965,training,NH,210
4WCG,A,R,258,A,0.158872086,A4FTK7,training,NH,258
4XQ8,B,Y,505,A,1.64286009,Q9UGP5,training,NH,505
4ZSF,A,K,85,A,2.584756441,Q6UQ65,training,H,85
5CO8,C,D,141,A,0.154657278,G0RYN2,training,NH,141
5CO8,C,D,143,A,-0.048004389,G0RYN2,training,NH,143
5DFF,A,R,181,A,0.70047293,P27695,training,NH,181
5DWB,A,Q,86,A,0.965357686,Q9KHV6,training,NH,86
5DWB,A,D,142,A,0.58038574,Q9KHV6,training,NH,142
5DWB,A,D,177,A,1.82002722,Q9KHV6,training,NH,177
5DWB,A,D,178,A,0.06234494,Q9KHV6,training,NH,178
5DWB,A,D,223,A,0.170230009,Q9KHV6,training,NH,223
5EXH,C,H,81,A,5.0,Q8BG87,training,H,81
5EXH,C,K,88,A,0.615518074,Q8BG87,training,NH,88
5EXH,C,Q,82,A,0.137055341,Q8BG87,training,NH,82
5EXH,C,T,80,A,-0.029027982,Q8BG87,training,NH,80
5EYO,C,H,28,R,-0.61,P61244,training,NH,28
5F55,A,H,397,A,0.763647066,D0EM60,training,NH,397
5F55,A,R,109,A,0.337743423,D0EM60,training,NH,109
5F55,A,R,373,A,0.81443565,D0EM60,training,NH,373
5F55,A,R,393,A,0.095310483,D0EM60,training,NH,393
5F55,A,S,371,A,0.08729589,D0EM60,training,NH,371
5F55,A,Y,114,A,0.814091354,D0EM60,training,NH,114
5F55,A,Y,80,A,0.544189207,D0EM60,training,NH,80
5KUB,A,W,109,A,0.267452994,Q816E8,training,NH,109
5KUB,A,W,187,A,-0.187382794,Q816E8,training,NH,187
5SZX,A,S,186,A,0.758,P03206,training,NH,186
5T5C,A,R,314,A,-1.060237185,Q9Y2C4,training,NH,314
1B94,A,R,140,A,3.963,P04390,training,H,140
1B94,A,R,226,A,6.511,P04390,training,H,226
1IO4,C,R,142,A,-0.19,Q03347,training,NH,142
1J5N,A,K,67,A,0.3,P11632,training,NH,67
1J5N,A,L,25,D,0.9,P11632,training,NH,25
1J5N,A,A,74,D,1.39,P11632,training,NH,74
1K82,A,R,108,A,0.192,P05523,training,NH,109
1K82,A,R,109,A,2.948,P05523,training,H,110
1OH6,A,E,38,A,-0.913,P23909,training,NH,38
1OUQ,A,H,289,A,0.609,P06956,training,NH,289
2C7A,A,R,637,A,0.084,P06401,training,NH,637
2FQZ,B,W,61,A,-0.018,O87963,training,NH,61
2KKF,A,M,1200,A,-0.71,Q03164,training,NH,1200
2KKF,A,C,1188,A,0.0,Q03164,training,NH,1188
2KKF,A,L,1197,A,0.818,Q03164,training,NH,1197
2KKF,A,R,1150,A,1.057,Q03164,training,NH,1150
2KKF,A,Q,1187,A,1.096,Q03164,training,NH,1187
2KKF,A,K,1193,A,1.328,Q03164,training,NH,1193
2KKF,A,R,1154,A,1.388,Q03164,training,NH,1154
2KKF,A,K,1185,A,1.582,Q03164,training,NH,1185
2MNA,A,S,89,A,0.096,Q97W73,training,NH,89
2MNA,A,N,86,A,0.335,Q97W73,training,NH,86
2MNA,A,T,54,A,0.373,Q97W73,training,NH,54
2MNA,A,R,28,A,0.426,Q97W73,training,NH,28
2MNA,A,Q,84,A,0.467,Q97W73,training,NH,84
2MNA,A,R,37,A,0.49,Q97W73,training,NH,37
2MNA,A,K,90,A,1.009,Q97W73,training,NH,90
2WWY,A,F,231,A,-0.105,P46063,training,NH,231
3NGZ,A,F,124,A,0.873,P30014,training,NH,124
3NGZ,A,F,146,A,0.873,P30014,training,NH,146
3NGZ,A,F,29,A,1.212,P30014,training,NH,29
3NGZ,A,F,77,A,1.212,P30014,training,NH,77
3RNU,A,K,627,A,-0.808,Q16666,training,NH,627
4DS5,A,E,658,A,-0.514,Q5KWC1,training,NH,660
4LD9,B,R,45,A,-0.113,P62799,training,NH,46
4NKU,A,N,165,A,0.07,O13833,training,NH,165
4NM6,A,M,1293,A,0.586,Q6N021,training,NH,1293
4NM6,A,Y,1294,A,0.586,Q6N021,training,NH,1294
4RKH,D,N,534,A,0.633,P50534,training,NH,534
4X0Q,A,K,2383,A,-0.526,O75417,training,NH,2383
4XR0,A,H,144,A,4.609,P16525,training,H,144
5AKM,A,Q,42,A,-3.77,P21505,training,NH,42
5VMW,A,Y,536,A,-1.186,Q86T24,training,NH,536
5VMW,A,E,535,A,1.66,Q86T24,training,NH,535
5XRZ,A,R,55,A,1.991,P43351,training,NH,55
5YEJ,A,T,25,A,1.673,A0QX69,training,NH,25
5YEJ,A,K,47,A,3.798,A0QX69,training,H,47
5YJ3,C,R,576,A,1.41,P10074,training,NH,576
5YJ3,C,R,611,A,1.527,P10074,training,NH,611
5YJ3,C,R,614,A,1.622,P10074,training,NH,614
5YJ3,C,H,592,A,1.834,P10074,training,NH,592
5YJ3,C,R,595,A,2.243,P10074,training,H,595
5Z6Z,A,W,26,A,0.052,Q9UBX2,training,NH,26
5Z6Z,A,R,95,A,0.213,Q9UBX2,training,NH,95
5Z6Z,A,R,23,A,0.324,Q9UBX2,training,NH,23
5Z6Z,A,N,69,A,0.406,Q9UBX2,training,NH,69
5Z6Z,A,R,98,A,0.456,Q9UBX2,training,NH,98
5Z6Z,A,N,144,A,0.558,Q9UBX2,training,NH,144
5Z6Z,A,R,148,A,0.694,Q9UBX2,training,NH,148
5Z6Z,A,R,20,A,0.964,Q9UBX2,training,NH,20
5ZMO,A,R,191,A,0.402,Q9L0M9,training,NH,191
5ZMO,A,R,117,A,1.743,Q9L0M9,training,NH,117
5ZUX,A,T,157,A,0.337,O34857,training,NH,157
5ZUX,A,K,164,A,0.718,O34857,training,NH,164
5ZUX,A,K,136,A,0.845,O34857,training,NH,136
5ZUX,A,K,116,A,0.89,O34857,training,NH,116
5ZUX,A,T,156,A,0.89,O34857,training,NH,156
5ZUX,A,R,174,A,1.274,O34857,training,NH,174
5ZUX,A,K,171,A,1.386,O34857,training,NH,171
6A57,A,F,1339,A,0.126,Q9STM3,training,NH,1339
6A57,A,V,1340,A,0.126,Q9STM3,training,NH,1340
6A57,A,Y,1282,A,0.573,Q9STM3,training,NH,1282
6A57,A,D,1342,A,0.667,Q9STM3,training,NH,1342
6A57,A,K,1281,A,0.667,Q9STM3,training,NH,1281
6A57,A,E,1315,A,1.259,Q9STM3,training,NH,1315
6A57,A,W,1309,A,2.823,Q9STM3,training,H,1309
6FWR,A,R,211,A,0.39,P27296,training,NH,211
6FWR,A,R,117,A,0.709,P27296,training,NH,117
7JK5,A,S,657,A,-0.145,O16810,training,NH,657
7JK5,E,K,341,A,0.524,Q24169,training,NH,341
7JK5,A,R,692,A,0.644,O16810,training,NH,692
7JK5,D,R,97,A,0.645,Q9W102,training,NH,97
7JK5,C,K,710,A,0.72,Q7K2L1,training,NH,710
7JK5,C,K,141,A,0.733,Q7K2L1,training,NH,141
3AU6,A,K,263,A,0.786,Q5SJ64,training,NH,263
3K4X,A,R,80,A,-0.121,A6ZL36,training,NH,80
3MQ6,B,K,96,A,1.679,Q9F6L0,training,NH,96
3Q8L,A,Y,40,A,6.533,P39748,training,H,40
3Q8L,A,R,100,A,6.642,P39748,training,H,100
6ALG,N,H,100,A,1.281,P18683,training,NH,103
6ALG,N,R,94,A,2.191,P18683,training,H,97
6ALG,N,W,108,A,2.381,P18683,training,H,111
6C1A,A,R,188,A,0.827,Q9UBB5,training,NH,188
6IIQ,A,N,76,A,0.0,Q9Y3E1,training,NH,76
6IIQ,A,K,77,A,0.171,Q9Y3E1,training,NH,77
6KKS,A,L,59,A,-0.05,Q9SEI0,training,NH,59
6R64,A,W,31,A,0.36,P24200,training,NH,31
6R64,A,S,30,A,0.682,P24200,training,NH,30
6R64,A,N,119,A,2.112,P24200,training,H,119
7CC9,A,R,85,A,0.969,A0A0M4DML1,training,NH,85
7CC9,A,D,104,A,1.838,A0A0M4DML1,training,NH,104
7CC9,A,Q,32,A,2.213,A0A0M4DML1,training,H,32
